fibre_diameter,axon_diameter,g_ratio
1.85127894379591,0.639573914521058,0.345476794118157
3.83337631402707,2.10145714771205,0.548200065832933
4.07122799845481,2.19282484978649,0.538615093681501
4.19015384066868,2.51261180704702,0.599646672315507
4.2297957880733,2.32987640289814,0.550824796191736
4.3883635776918,2.74103106223311,0.624613483752146
4.50728941990567,2.60397950912146,0.577726271053602
4.74514110433341,2.83239876430754,0.596905066051864
4.98299278876115,3.06081801949364,0.614252949833108
4.19015384066868,2.01008944563761,0.479717337852406
2.12877257562827,1.05072857385602,0.493584230596319
4.78478305173803,2.69534721119589,0.56331649356951
4.86406694654728,2.92376646638198,0.601095029840697
5.06227668357039,2.74103106223311,0.541462119431187
4.62621526211954,3.06081801949364,0.661624642622294
2.36662426005601,1.2334639780049,0.521191301392179
4.62621526211954,2.55829565808423,0.552999701296244
5.26048642059351,3.28923727467973,0.625272458037944
4.2297957880733,2.14714099874927,0.507622851392384
3.75409241921782,2.14714099874927,0.571946760755728
5.06227668357039,3.24355342364251,0.640730174660238
2.0098467334144,1.00504472281881,0.500060380779085
4.3883635776918,2.64966336015867,0.603793034293742
4.54693136731029,2.51261180704702,0.552595058969042
2.36662426005601,0.959360871781591,0.40537101219392
2.28734036524676,1.41619938215377,0.619146762620521
5.26048642059351,3.06081801949364,0.581850759563087
4.2297957880733,1.91872174356318,0.453620420393194
4.11086994585943,2.10145714771205,0.51119523978828
5.10191863097501,2.83239876430754,0.555163453041244
4.78478305173803,2.92376646638198,0.611055179465232
4.34872163028717,2.32987640289814,0.535761219267623
3.00089541852998,1.55325093526543,0.517595823458021
4.50728941990567,2.69534721119589,0.597997368283552
3.99194410364556,2.19282484978649,0.549312513615592
4.11086994585943,2.55829565808423,0.622324639742254
1.53414336455892,0.867993169707152,0.565783609119678
2.80268568150687,1.46188323319099,0.521600849798116
3.99194410364556,2.42124410497258,0.606532567117216
1.81163699639128,0.776625467632712,0.428687131682408
5.02263473616577,2.87808261534476,0.573022480536154
4.86406694654728,2.83239876430754,0.582310810158175
4.15051189326406,2.42124410497258,0.583360358249318
3.39731489257621,1.7359863394143,0.510987763662346
2.24769841784214,0.959360871781591,0.426819213897302
3.0405373659346,1.69030248837708,0.55592228772282
2.56483399707913,1.2334639780049,0.480913766508703
2.16841452303289,1.14209627593046,0.526696470531404
5.18120252578426,3.06081801949364,0.590754367207511
5.49833810502125,3.24355342364251,0.589915236511265
5.37941226280738,3.28923727467973,0.611449190726862
3.47659878738546,1.87303789252596,0.53875583783844
4.74514110433341,2.4669279560098,0.519885057529043
4.54693136731029,3.01513416845642,0.66311407076285
5.45869615761662,2.9694503174192,0.543985272614206
2.48555010226988,1.2334639780049,0.496253918550448
3.79373436662245,2.37556025393536,0.626179912551525
4.19015384066868,2.28419255186092,0.545133338468643
5.37941226280738,3.10650187053085,0.577479791242036
3.27838905036235,1.69030248837708,0.515589352700608
2.96125347112536,1.64461863733986,0.555379218083234
3.67480852440858,2.19282484978649,0.596718124283604
3.63516657700395,1.91872174356318,0.527822233979868
4.74514110433341,2.64966336015867,0.558395061790453
1.57378531196354,0.639573914521058,0.406392097866951
5.22084447318888,3.15218572156807,0.603769320797775
4.74514110433341,3.06081801949364,0.645042571378627
4.98299278876115,3.24355342364251,0.650924767733591
2.80268568150687,1.59893478630265,0.570500929466689
2.60447594448375,1.37051553111655,0.526215469188452
4.54693136731029,1.82735404148874,0.401887315613848
3.91266020883632,1.96440559460039,0.50206393853573
3.39731489257621,1.91872174356318,0.564775949311013
3.67480852440858,1.78167019045152,0.484833475980428
4.46764747250104,2.55829565808423,0.572627019887061
4.34872163028717,2.10145714771205,0.483235609535503
4.26943773547793,2.4669279560098,0.577810969231443
5.69654784204436,3.60902423194026,0.633545847768226
4.54693136731029,2.37556025393536,0.522453510298003
4.66585720952416,2.83239876430754,0.607047887904911
3.99194410364556,2.32987640289814,0.583644545716566
4.03158605105019,2.05577329667483,0.509916759965802
4.86406694654728,2.55829565808423,0.525958151110609
4.2297957880733,2.69534721119589,0.637228685790439
3.91266020883632,2.14714099874927,0.548767560725101
3.39731489257621,1.59893478630265,0.470646624425845
4.46764747250104,1.96440559460039,0.439695747413279
4.98299278876115,2.78671491327033,0.559245222982382
5.9343995264721,3.79175963608913,0.63894579715688
3.95230215624094,1.7359863394143,0.439234216106951
3.27838905036235,1.91872174356318,0.585263589552042
1.61342725936817,1.00504472281881,0.622925339201465
1.77199504898666,0.59389006348384,0.33515334245627
4.15051189326406,2.69534721119589,0.649401153522826
2.28734036524676,0.776625467632712,0.339532095630607
5.14156057837964,3.42628882779138,0.666390831258313
1.37557557494043,0.730941616595498,0.531371470903845
1.93056283860515,0.730941616595498,0.378615811917114
4.66585720952416,3.19786957260529,0.685376647634577
3.35767294517159,2.01008944563761,0.598655520791019
2.16841452303289,0.822309318669934,0.379221458782611
5.22084447318888,3.60902423194026,0.691272120913395
3.47659878738546,2.19282484978649,0.630738541859637
4.9037088939519,3.38060497675417,0.689397566181735
4.94335084135652,2.9694503174192,0.600695846343033
2.80268568150687,1.87303789252596,0.668301088803835
3.1991051555531,1.96440559460039,0.614048460142213
4.34872163028717,2.55829565808423,0.588286828999742
3.63516657700395,1.7359863394143,0.477553449791309
5.06227668357039,3.51765652986582,0.694876386603357
4.30907968288255,2.28419255186092,0.530088260130042
1.09808194310806,0.502522361409408,0.457636485658843
2.76304373410224,1.55325093526543,0.562152135376932
2.32698231265139,1.27914782904212,0.549702428801295
4.03158605105019,2.60397950912146,0.645894562623349
4.19015384066868,2.83239876430754,0.675965339701117
3.27838905036235,1.59893478630265,0.487719657960035
3.63516657700395,2.05577329667483,0.565523822121287
2.24769841784214,1.09641242489324,0.487793387311201
1.57378531196354,0.502522361409408,0.319308076895465
5.33977031540275,3.01513416845642,0.564656153797319
2.40626620746063,0.867993169707152,0.360722004496401
1.73235310158204,0.730941616595498,0.421935698864152
1.97020478600978,1.32483168007933,0.672433489902587
4.15051189326406,1.91872174356318,0.462285566914554
4.70549915692878,2.69534721119589,0.572807925643133
5.53798005242587,3.33492112571694,0.602190888039783
4.54693136731029,1.69030248837708,0.37174576694281
3.91266020883632,1.87303789252596,0.478712127441045
5.73618978944899,2.83239876430754,0.49377703114311
5.73618978944899,3.4719726788286,0.60527507043349
2.32698231265139,0.91367702074437,0.392644592000924
3.83337631402707,1.64461863733986,0.429026138477948
3.75409241921782,2.51261180704702,0.669299400884362
1.97020478600978,0.91367702074437,0.463747234415578
3.51624073479008,1.7359863394143,0.493705201193496
4.34872163028717,2.78671491327033,0.640812438731863
3.1991051555531,1.64461863733986,0.514087082909759
5.30012836799813,1.82735404148874,0.344775430822052
3.39731489257621,1.46188323319099,0.430305485189344
5.49833810502125,3.19786957260529,0.58160657120829
4.50728941990567,2.74103106223311,0.608132916898528
4.94335084135652,3.10650187053085,0.628420270020403
4.66585720952416,2.4669279560098,0.528719128175246
5.22084447318888,3.28923727467973,0.630020160832461
4.98299278876115,2.64966336015867,0.531741359557018
3.79373436662245,2.19282484978649,0.578012226970639
4.58657331471491,2.92376646638198,0.637462058439529
3.75409241921782,1.91872174356318,0.511101360675331
4.74514110433341,2.92376646638198,0.616160068182569
3.15946320814847,1.2334639780049,0.390403019988872
4.19015384066868,2.14714099874927,0.512425338160524
4.19015384066868,1.78167019045152,0.425204004005541
4.54693136731029,3.10650187053085,0.683208436543542
1.4945014171543,0.867993169707152,0.580791131907998
4.50728941990567,2.42124410497258,0.537184076593699
4.74514110433341,1.55325093526543,0.32733503622199
1.85127894379591,0.91367702074437,0.493538277311654
3.87301826143169,1.46188323319099,0.37745322498185
5.37941226280738,3.38060497675417,0.628433890469275
5.14156057837964,3.15218572156807,0.613079564757648
2.08913062822365,1.09641242489324,0.524817553331027
2.96125347112536,1.69030248837708,0.570806418585546
2.56483399707913,1.37051553111655,0.534348629454116
4.15051189326406,2.28419255186092,0.550339960612565
4.74514110433341,2.60397950912146,0.548767560725101
4.26943773547793,2.60397950912146,0.60991157863319
3.15946320814847,2.05577329667483,0.650671699981456
2.44590815486526,1.14209627593046,0.466941603534324
4.94335084135652,3.28923727467973,0.665386168256898
4.62621526211954,2.19282484978649,0.47399974396821
5.45869615761662,3.65470808297747,0.669520335525177
3.35767294517159,1.78167019045152,0.530626484337493
3.95230215624094,2.28419255186092,0.577939758035462
3.47659878738546,2.01008944563761,0.578176996704667
5.14156057837964,2.9694503174192,0.577538720423872
2.12877257562827,0.91367702074437,0.429203678779408
4.70549915692878,1.69030248837708,0.359218529640609
4.46764747250104,1.78167019045152,0.398793817421346
4.11086994585943,1.96440559460039,0.477856419802088
2.16841452303289,1.18778012696768,0.54776432935266
4.82442499914265,2.74103106223311,0.568157047258526
1.57378531196354,1.00504472281881,0.638616153790923
2.56483399707913,1.46188323319099,0.569971871417725
3.23874710295772,1.41619938215377,0.437267664665901
2.76304373410224,1.41619938215377,0.512550476373086
1.57378531196354,0.730941616595498,0.464448111847945
1.45485946974967,0.59389006348384,0.408211291765538
5.22084447318888,2.83239876430754,0.542517360716842
5.26048642059351,3.01513416845642,0.573166419868115
2.28734036524676,1.32483168007933,0.57920181019339
2.683759839293,1.18778012696768,0.442580632431174
5.85511563166286,3.19786957260529,0.546166766598441
5.69654784204436,3.65470808297747,0.641565415461495
3.59552462959933,1.96440559460039,0.546347417127636
2.5251920496745,1.64461863733986,0.651284577563855
3.75409241921782,2.05577329667483,0.54760860072357
2.683759839293,0.959360871781591,0.357468972348257
5.18120252578426,3.56334038090304,0.687743890181878
4.46764747250104,2.19282484978649,0.490823159903196
4.54693136731029,1.87303789252596,0.411934498504195
1.57378531196354,1.14209627593046,0.725700174762413
6.01368342128135,3.10650187053085,0.516572232508532
5.14156057837964,3.38060497675417,0.65750562017487
5.33977031540275,3.15218572156807,0.590322342606288
3.27838905036235,1.78167019045152,0.543459047441181
4.30907968288255,2.42124410497258,0.561893555737844
5.06227668357039,3.19786957260529,0.631705806003052
2.04948868081902,0.502522361409408,0.245194016494196
3.39731489257621,2.14714099874927,0.632011181371849
3.87301826143169,2.05577329667483,0.530793597630727
5.02263473616577,3.51765652986582,0.700360809544189
5.9343995264721,3.70039193401469,0.62354951288804
3.67480852440858,2.2385087008237,0.609149751872846
1.97020478600978,1.41619938215377,0.718808213344147
4.62621526211954,2.83239876430754,0.612249669292271
5.81547368425823,3.88312733816356,0.667723310084733
4.34872163028717,2.64966336015867,0.609297072892591
4.11086994585943,2.51261180704702,0.611211699746857
4.26943773547793,1.82735404148874,0.428008125356624
2.20805647043752,1.05072857385602,0.475861277971675
4.86406694654728,2.64966336015867,0.544742370793131
4.3883635776918,2.2385087008237,0.51010101173092
5.18120252578426,1.7359863394143,0.335054715729633
1.21700778532193,0.548206212446622,0.450454154080539
1.3359336275358,0.68525776555828,0.51294297219112
2.24769841784214,1.37051553111655,0.609741734139
2.80268568150687,1.91872174356318,0.684601115360026
4.66585720952416,3.15218572156807,0.675585552668369
5.30012836799813,2.14714099874927,0.405111131215912
2.28734036524676,0.822309318669934,0.359504571844174
1.93056283860515,0.59389006348384,0.307625347182654
5.45869615761662,3.4719726788286,0.636044318748918
1.85127894379591,0.730941616595498,0.394830621849324
6.01368342128135,3.4719726788286,0.577345436333065
1.73235310158204,0.776625467632712,0.448306680043159
2.88196957631611,1.78167019045152,0.618212699083709
4.50728941990567,2.01008944563761,0.445964139058921
5.06227668357039,2.92376646638198,0.577559594059933
2.12877257562827,1.32483168007933,0.622345334230142
3.51624073479008,2.32987640289814,0.662604348970217
1.97020478600978,0.959360871781591,0.486934596136358
5.30012836799813,3.60902423194026,0.680931475873554
4.15051189326406,2.83239876430754,0.68242155115958
3.15946320814847,1.64461863733986,0.520537359985164
4.26943773547793,2.19282484978649,0.513609750427949
5.10191863097501,2.19282484978649,0.429803963644834
4.03158605105019,2.55829565808423,0.634563079068552
3.91266020883632,1.82735404148874,0.467036221893702
5.30012836799813,3.19786957260529,0.603357003938592
5.22084447318888,3.42628882779138,0.656271000867147
5.45869615761662,3.01513416845642,0.552354276808271
2.36662426005601,0.68525776555828,0.289550722995657
1.09808194310806,0.456838510372183,0.416033168780761
3.0405373659346,1.46188323319099,0.480797654246764
3.08017931333923,2.10145714771205,0.682251561982556
5.57762199983049,3.38060497675417,0.606101484979962
3.59552462959933,1.64461863733986,0.457407139920811
3.00089541852998,2.01008944563761,0.669829889180969
1.53414336455892,0.502522361409408,0.327558931595606
4.2297957880733,2.37556025393536,0.561625282391574
4.46764747250104,2.4669279560098,0.552176054891095
4.74514110433341,2.9694503174192,0.625787569247921
4.74514110433341,1.82735404148874,0.385100042614105
3.39731489257621,1.69030248837708,0.497540717250178
3.63516657700395,1.82735404148874,0.502687841885587
5.33977031540275,3.28923727467973,0.615988531415257
2.76304373410224,1.27914782904212,0.46294881736924
3.79373436662245,1.55325093526543,0.409425327437536
2.92161152372074,1.05072857385602,0.359640070325947
3.1991051555531,1.46188323319099,0.456966295919787
4.86406694654728,3.38060497675417,0.695016128253306
5.419054210212,4.02017889127522,0.741859877264071
4.66585720952416,2.14714099874927,0.460181463411788
1.73235310158204,0.59389006348384,0.342822755327122
4.30907968288255,2.69534721119589,0.625504146953449
5.69654784204436,3.4719726788286,0.60948714468842
4.19015384066868,1.7359863394143,0.414301337236169
1.45485946974967,0.228419255186093,0.157004342986746
4.03158605105019,2.14714099874927,0.532579727075393
4.9037088939519,3.10650187053085,0.633500466221053
3.95230215624094,1.27914782904212,0.323646264499859
3.0405373659346,1.18778012696768,0.390648094075496
5.18120252578426,3.28923727467973,0.634840514014041
3.91266020883632,2.2385087008237,0.572119371819785
4.98299278876115,2.69534721119589,0.540909314032139
3.79373436662245,2.2385087008237,0.59005414836586
3.47659878738546,1.82735404148874,0.525615451549696
1.57378531196354,1.37051553111655,0.870840209714894
3.63516657700395,1.2334639780049,0.339314293272771
3.15946320814847,1.78167019045152,0.563915473317261
2.40626620746063,1.32483168007933,0.550575691073453
3.43695683998084,1.27914782904212,0.372174539453702
4.15051189326406,2.32987640289814,0.561346759824816
3.95230215624094,1.46188323319099,0.369881445142696
4.70549915692878,2.51261180704702,0.533973490006311
3.51624073479008,2.10145714771205,0.597643138286862
3.79373436662245,1.78167019045152,0.469634934413643
3.63516657700395,2.4669279560098,0.678628586545544
2.76304373410224,1.7359863394143,0.628287680715395
4.94335084135652,3.56334038090304,0.720835015611639
4.74514110433341,2.74103106223311,0.577650063921158
6.96509015899231,3.42628882779138,0.491923112203775
3.35767294517159,2.2385087008237,0.666684557244543
3.51624073479008,2.4669279560098,0.70158107538023
5.57762199983049,2.87808261534476,0.51600531829375
1.97020478600978,0.822309318669934,0.417372510974021
6.84616431677844,4.06586274231244,0.593889155179625
7.04437405380155,4.11154659334966,0.58366386593722
5.419054210212,2.14714099874927,0.396220616266038
1.21700778532193,0.959360871781591,0.788294769640945
5.02263473616577,3.01513416845642,0.60030926532359
4.42800552509642,2.92376646638198,0.660289706011222
6.52902873754145,4.11154659334966,0.629733266405853
4.62621526211954,3.56334038090304,0.770249583948341
1.57378531196354,0.959360871781591,0.609588146800429
4.15051189326406,0.959360871781591,0.231142783457278
4.70549915692878,3.06081801949364,0.650476796916779
6.29117705311371,3.92881118920078,0.624495409369584
2.92161152372074,1.64461863733986,0.562914892684092
3.63516657700395,2.37556025393536,0.653494194451264
5.45869615761662,3.10650187053085,0.5690922851964
2.88196957631611,1.37051553111655,0.475548230064392
5.37941226280738,2.2385087008237,0.416125143689114
2.32698231265139,1.14209627593046,0.490805740001155
4.94335084135652,3.19786957260529,0.646903219138651
4.34872163028717,1.37051553111655,0.315153658392719
1.93056283860515,1.27914782904212,0.662577670854948
3.15946320814847,1.32483168007933,0.419321762210271
3.39731489257621,1.82735404148874,0.537881856486679
4.15051189326406,2.2385087008237,0.539333161400313
5.85511563166286,3.74607578505191,0.639795355158174
5.77583173685361,3.33492112571694,0.57739236142181
2.40626620746063,0.822309318669934,0.341736635838696
4.94335084135652,2.87808261534476,0.582212897224785
6.84616431677844,3.92881118920078,0.573870419611772
5.26048642059351,1.87303789252596,0.356057927493829
4.2297957880733,1.59893478630265,0.378017016994329
4.74514110433341,2.05577329667483,0.433237547940869
6.33081900051834,4.33996584853575,0.685529920880761
5.419054210212,2.60397950912146,0.480522875046047
5.14156057837964,3.06081801949364,0.595309142590761
2.56483399707913,1.50756708422821,0.587783492399528
5.33977031540275,2.78671491327033,0.521879172449038
2.64411789188837,1.18778012696768,0.449216024221747
4.26943773547793,2.01008944563761,0.470808937892287
4.62621526211954,2.10145714771205,0.454249754636201
2.683759839293,1.64461863733986,0.61280395259701
2.56483399707913,1.32483168007933,0.516537008472312
4.07122799845481,1.78167019045152,0.437624763616219
5.02263473616577,3.4719726788286,0.691265214615043
6.33081900051834,2.83239876430754,0.447398474680076
3.15946320814847,1.91872174356318,0.607293586649358
4.15051189326406,2.01008944563761,0.484299165339058
4.46764747250104,2.69534721119589,0.603303467381011
2.20805647043752,1.00504472281881,0.455171657190298
3.79373436662245,2.4669279560098,0.650263755341969
2.72340178669762,1.50756708422821,0.553560290513093
2.04948868081902,1.09641242489324,0.53496876326006
4.11086994585943,2.37556025393536,0.577872879760665
1.45485946974967,0.91367702074437,0.628017371946982
5.18120252578426,2.83239876430754,0.54666822040098
1.81163699639128,0.639573914521058,0.353036461385513
5.85511563166286,3.15218572156807,0.538364384218463
2.44590815486526,1.2334639780049,0.504296931817068
2.12877257562827,1.18778012696768,0.557964782413231
1.09808194310806,0.548206212446622,0.499239802536915
3.99194410364556,0.959360871781591,0.240324224706822
5.18120252578426,2.4669279560098,0.476130385510531
4.15051189326406,2.60397950912146,0.627387555098325
2.64411789188837,0.776625467632712,0.293718169683449
4.82442499914265,2.55829565808423,0.530279910774624
2.12877257562827,0.822309318669934,0.386283310901468
3.31803099776697,1.32483168007933,0.399282490420055
6.21189315830447,2.4669279560098,0.397129811016123
3.0405373659346,2.14714099874927,0.706171554674934
2.96125347112536,1.91872174356318,0.647942421097106
3.95230215624094,2.42124410497258,0.612616143517589
3.51624073479008,1.96440559460039,0.558666411876849
5.06227668357039,2.4669279560098,0.487315907488069
5.69654784204436,3.74607578505191,0.657604550848032
4.62621526211954,2.4669279560098,0.533249711964237
4.3883635776918,2.19282484978649,0.499690787001717
5.18120252578426,3.74607578505191,0.723012807627102
4.42800552509642,2.51261180704702,0.567436466103394
1.85127894379591,0.822309318669934,0.444184449580489
5.49833810502125,2.87808261534476,0.52344591408746
5.65690589463974,3.65470808297747,0.646061318863468
7.16329989601542,5.2079590182429,0.727033503251737
5.57762199983049,3.74607578505191,0.67162596984266
4.58657331471491,2.55829565808423,0.557779301134587
4.70549915692878,1.7359863394143,0.368927138549815
5.45869615761662,3.60902423194026,0.661151331331112
5.30012836799813,2.2385087008237,0.422349902757014
6.29117705311371,4.56838510372184,0.726157452755331
5.10191863097501,3.33492112571694,0.65366019470985
6.05332536868597,3.01513416845642,0.498095506984276
5.18120252578426,3.4719726788286,0.670109431459265
5.10191863097501,2.74103106223311,0.537254954556042
5.10191863097501,2.28419255186092,0.447712462130035
4.50728941990567,1.69030248837708,0.375015298754092
3.1991051555531,1.18778012696768,0.371285115434827
5.02263473616577,3.10650187053085,0.61850045518188
2.92161152372074,2.10145714771205,0.719280140651895
4.82442499914265,2.78671491327033,0.577626331379502
5.45869615761662,3.28923727467973,0.602568301972659
6.64795457975532,4.11154659334966,0.618467912802886
5.37941226280738,2.92376646638198,0.543510391757211
1.21700778532193,0.456838510372183,0.375378461733781
4.46764747250104,2.05577329667483,0.460146712409246
6.25153510570909,3.33492112571694,0.533456354211527
2.08913062822365,0.959360871781591,0.459215359164649
3.91266020883632,1.7359863394143,0.443684410799018
4.54693136731029,2.87808261534476,0.632972522091811
4.62621526211954,3.10650187053085,0.671499637288297
3.35767294517159,2.10145714771205,0.625867135372428
1.57378531196354,0.639573914521058,0.406392097866951
2.96125347112536,1.32483168007933,0.44738881456705
4.50728941990567,3.01513416845642,0.668946208588381
5.97404147387673,3.4719726788286,0.581176527483251
4.66585720952416,2.2385087008237,0.479763653344204
6.17225121089984,3.88312733816356,0.629126586958448
4.50728941990567,1.91872174356318,0.42569304182897
4.2297957880733,1.82735404148874,0.432019447993518
4.9037088939519,2.9694503174192,0.605551916240713
4.50728941990567,2.37556025393536,0.527048527978724
5.33977031540275,3.92881118920078,0.735764079190446
5.33977031540275,3.38060497675417,0.63309932395457
1.69271115417741,1.2334639780049,0.728691351126771
5.57762199983049,3.4719726788286,0.622482606195636
4.74514110433341,1.64461863733986,0.346590038352695
5.30012836799813,3.70039193401469,0.698170247414656
3.00089541852998,1.46188323319099,0.487149010313432
6.76688042196919,4.61406895475906,0.681860571937866
1.57378531196354,0.822309318669934,0.522504125828938
1.93056283860515,0.639573914521058,0.331288835427473
2.80268568150687,2.01008944563761,0.717201168472409
3.35767294517159,1.50756708422821,0.448991640593264
1.93056283860515,1.50756708422821,0.780895112079045
3.7144504718132,2.10145714771205,0.565751828879879
5.81547368425823,3.4719726788286,0.597023194899291
3.55588268219471,1.46188323319099,0.411116834790711
5.57762199983049,3.15218572156807,0.565148681940774
3.0405373659346,1.64461863733986,0.540897361027609
3.47659878738546,1.64461863733986,0.473053906394727
4.34872163028717,1.78167019045152,0.409699755910535
1.3359336275358,0.59389006348384,0.444550575898969
2.60447594448375,1.09641242489324,0.420972375350763
2.40626620746063,0.959360871781591,0.398692741811812
2.04948868081902,0.776625467632712,0.378936207309208
4.62621526211954,3.28923727467973,0.710999615952315
3.35767294517159,1.91872174356318,0.571443906209609
3.87301826143169,2.01008944563761,0.518998184350044
3.75409241921782,1.82735404148874,0.486763200643172
2.80268568150687,1.32483168007933,0.472700770129542
5.9343995264721,4.33996584853575,0.731323502769923
2.16841452303289,0.411154659334969,0.189610729391306
4.50728941990567,2.83239876430754,0.628404014128479
2.08913062822365,1.37051553111655,0.656021941663782
4.3883635776918,2.87808261534476,0.655844157939753
5.22084447318888,2.92376646638198,0.560017920739966
1.69271115417741,0.822309318669934,0.485794234084516
6.13260926349522,3.28923727467973,0.536352005052587
5.22084447318888,3.24355342364251,0.6212698808209
6.80652236937382,4.06586274231244,0.597348032029826
3.87301826143169,1.82735404148874,0.471816531227312
4.9037088939519,1.41619938215377,0.288801683130187
3.87301826143169,2.19282484978649,0.566179837472775
3.15946320814847,1.50756708422821,0.477159246653068
4.2297957880733,2.78671491327033,0.658829658190116
5.30012836799813,1.7359863394143,0.32753665928095
2.24769841784214,0.91367702074437,0.406494489426
5.73618978944899,2.83239876430754,0.49377703114311
2.683759839293,2.01008944563761,0.74898260872968
4.70549915692878,2.78671491327033,0.592225143461545
2.36662426005601,0.730941616595498,0.308854104528701
3.87301826143169,2.64966336015867,0.684133970279603
3.59552462959933,1.7359863394143,0.48281864769419
4.30907968288255,2.10145714771205,0.487681199319638
4.70549915692878,2.55829565808423,0.543682098915516
4.94335084135652,3.4719726788286,0.702352066493392
6.52902873754145,3.60902423194026,0.552765867178471
5.419054210212,4.20291429542409,0.775580780776074
5.22084447318888,2.55829565808423,0.490015680647469
4.07122799845481,2.4669279560098,0.605941980391688
6.76688042196919,4.20291429542409,0.621100718992907
6.25153510570909,1.78167019045152,0.284997230332186
3.67480852440858,2.87808261534476,0.78319253812223
5.57762199983049,4.02017889127522,0.720769333489684
3.87301826143169,1.27914782904212,0.33027157185912
2.32698231265139,1.18778012696768,0.510437969601201
4.2297957880733,2.42124410497258,0.572425768591412
5.81547368425823,3.974495040238,0.683434446792609
1.09808194310806,0.365470808297751,0.332826535024612
5.97404147387673,4.11154659334966,0.688235361493324
3.99194410364556,2.10145714771205,0.526424492214942
5.14156057837964,3.56334038090304,0.693046464508646
4.15051189326406,2.19282484978649,0.528326362188062
5.57762199983049,4.11154659334966,0.737150454705359
2.56483399707913,1.55325093526543,0.605595113381332
4.62621526211954,1.59893478630265,0.345624813310153
5.45869615761662,3.15218572156807,0.577461289390465
5.53798005242587,3.42628882779138,0.618689268534025
4.94335084135652,2.83239876430754,0.572971422665662
4.26943773547793,2.51261180704702,0.588511172365358
3.75409241921782,2.28419255186092,0.608454000803965
1.93056283860515,0.959360871781591,0.496933253141212
3.11982126074385,1.09641242489324,0.35143437179854
3.35767294517159,2.55829565808423,0.761925208279477
3.11982126074385,2.05577329667483,0.658939447122262
3.27838905036235,2.01008944563761,0.613133284292616
4.46764747250104,1.87303789252596,0.419244782417313
2.88196957631611,1.87303789252596,0.649915914421336
3.27838905036235,1.59893478630265,0.487719657960035
2.72340178669762,1.32483168007933,0.486462073481202
4.26943773547793,2.28419255186092,0.53501015669578
3.59552462959933,2.01008944563761,0.559053171014326
5.14156057837964,2.92376646638198,0.568653509340428
2.20805647043752,1.37051553111655,0.620688623441316
1.53414336455892,0.548206212446622,0.357337016286113
3.63516657700395,2.19282484978649,0.603225410262706
4.11086994585943,2.01008944563761,0.488969359797486
2.48555010226988,0.822309318669934,0.3308359457003
3.51624073479008,2.42124410497258,0.688588833243558
3.55588268219471,2.60397950912146,0.732301861970954
2.88196957631611,1.41619938215377,0.491399837733206
5.69654784204436,1.87303789252596,0.328802275424016
1.77199504898666,0.456838510372183,0.257810263427899
3.23874710295772,1.78167019045152,0.550110932966777
4.42800552509642,2.55829565808423,0.577753492759818
2.96125347112536,1.59893478630265,0.539952017580922
5.18120252578426,2.14714099874927,0.414409779981388
4.82442499914265,2.9694503174192,0.615503467863403
2.56483399707913,1.7359863394143,0.676841597308548
3.7144504718132,1.87303789252596,0.504257064871197
4.42800552509642,2.05577329667483,0.464266199539141
4.15051189326406,2.64966336015867,0.638394354310575
4.50728941990567,3.06081801949364,0.679081757203357
4.62621526211954,3.15218572156807,0.681374631954301
3.47659878738546,1.91872174356318,0.551896224127182
1.81163699639128,0.91367702074437,0.504337801979305
2.72340178669762,1.41619938215377,0.520011181997148
4.46764747250104,2.32987640289814,0.521499607397145
1.53414336455892,1.14209627593046,0.744452117262734
2.04948868081902,1.41619938215377,0.691001319210911
3.79373436662245,1.64461863733986,0.433509170227979
2.92161152372074,1.7359863394143,0.594187942277653
6.01368342128135,3.51765652986582,0.584942086811132
3.95230215624094,1.41619938215377,0.358322649981987
4.15051189326406,2.74103106223311,0.660407952735077
5.33977031540275,2.92376646638198,0.547545361258007
1.45485946974967,0.59389006348384,0.408211291765538
3.39731489257621,1.59893478630265,0.470646624425845
2.12877257562827,1.27914782904212,0.600885150291173
4.9037088939519,3.28923727467973,0.670765199528174
2.683759839293,0.959360871781591,0.357468972348257
2.84232762891149,1.55325093526543,0.546471462144661
4.46764747250104,2.74103106223311,0.613528949878994
3.87301826143169,1.46188323319099,0.37745322498185
4.74514110433341,3.19786957260529,0.673925074574685
5.06227668357039,2.83239876430754,0.559510856745561
1.25664973272656,0.639573914521058,0.508951617833374
5.419054210212,3.24355342364251,0.598546037338057
5.14156057837964,3.19786957260529,0.621964775841093
1.93056283860515,1.18778012696768,0.615250694365308
4.82442499914265,2.87808261534476,0.596564899621452
2.32698231265139,1.46188323319099,0.628231347201478
4.19015384066868,2.05577329667483,0.490620004621779
1.93056283860515,1.41619938215377,0.733568135589406
2.04948868081902,0.502522361409408,0.245194016494196
2.683759839293,1.2334639780049,0.459602964447756
5.02263473616577,2.92376646638198,0.5821180754653
1.81163699639128,0.730941616595498,0.403470241583445
4.26943773547793,1.96440559460039,0.460108734758371
3.47659878738546,1.46188323319099,0.420492361239758
2.56483399707913,1.09641242489324,0.427478903563294
4.94335084135652,2.64966336015867,0.536005524429168
1.09808194310806,0.639573914521058,0.582446436293067
5.18120252578426,1.7359863394143,0.335054715729633
2.32698231265139,0.959360871781591,0.412276821600971
4.07122799845481,2.28419255186092,0.561057389251563
3.1991051555531,1.59893478630265,0.499806886162266
4.58657331471491,2.60397950912146,0.567739645797706
2.04948868081902,1.05072857385602,0.512678398124223
5.85511563166286,3.83744348712635,0.655400119918129
5.65690589463974,3.56334038090304,0.629909785891881
4.19015384066868,1.87303789252596,0.447009337544287
5.37941226280738,4.20291429542409,0.78129618815099
2.5251920496745,1.64461863733986,0.651284577563855
3.95230215624094,2.32987640289814,0.589498553196171
3.47659878738546,1.7359863394143,0.499334678972213
5.02263473616577,3.19786957260529,0.636691645040172
5.30012836799813,3.38060497675417,0.637834547020798
2.24769841784214,0.776625467632712,0.3455203160121
4.50728941990567,2.19282484978649,0.486506333518823
6.76688042196919,4.29428199749853,0.634602908536232
4.62621526211954,2.74103106223311,0.592499679960262
3.7144504718132,2.05577329667483,0.553452876078143
4.34872163028717,2.74103106223311,0.630307316785438
1.53414336455892,0.91367702074437,0.595561693810187
4.2297957880733,2.51261180704702,0.594026740991088
3.15946320814847,2.01008944563761,0.636212328870757
5.10191863097501,2.19282484978649,0.429803963644834
5.77583173685361,3.42628882779138,0.593211330227888
3.11982126074385,1.64461863733986,0.527151557697809
3.43695683998084,2.01008944563761,0.584845704855817
5.33977031540275,3.06081801949364,0.573211550066976
5.77583173685361,3.974495040238,0.68812514306435
6.25153510570909,3.92881118920078,0.628455430988922
1.45485946974967,0.228419255186093,0.157004342986746
4.82442499914265,2.64966336015867,0.549218479016575
5.69654784204436,2.83239876430754,0.497213196982659
3.87301826143169,1.55325093526543,0.401044051543216
1.45485946974967,0.822309318669934,0.565215634752284
4.3883635776918,2.28419255186092,0.520511236460122
3.63516657700395,1.82735404148874,0.502687841885587
4.46764747250104,2.60397950912146,0.582852502385045
6.52902873754145,4.20291429542409,0.643727338992649
2.20805647043752,0.959360871781591,0.434482036408923
5.65690589463974,1.87303789252596,0.331106425917527
3.11982126074385,1.78167019045152,0.571080854172626
6.96509015899231,3.42628882779138,0.491923112203775
4.46764747250104,1.82735404148874,0.409019299919329
7.04437405380155,4.11154659334966,0.58366386593722
1.21700778532193,0.959360871781591,0.788294769640945
5.10191863097501,2.37556025393536,0.465620960615236
5.22084447318888,3.70039193401469,0.708772680936519
4.94335084135652,2.74103106223311,0.554488473547415
4.62621526211954,3.56334038090304,0.770249583948341
4.15051189326406,0.959360871781591,0.231142783457278
3.27838905036235,1.50756708422821,0.459849963219462
4.11086994585943,2.14714099874927,0.522308179783678
1.97020478600978,0.730941616595498,0.370997787532463
4.34872163028717,1.37051553111655,0.315153658392719
3.23874710295772,1.14209627593046,0.352635213440242
3.95230215624094,0.959360871781591,0.242734698374895
5.02263473616577,2.4669279560098,0.491162126173847
6.84616431677844,3.92881118920078,0.573870419611772
5.97404147387673,4.06586274231244,0.680588301921176
4.03158605105019,2.19282484978649,0.543911210630188
1.69271115417741,0.68525776555828,0.404828528403764
6.33081900051834,2.83239876430754,0.447398474680076
3.83337631402707,2.05577329667483,0.536282673097436
3.87301826143169,2.74103106223311,0.707724796840968
3.67480852440858,1.7359863394143,0.472401848391187
2.96125347112536,1.87303789252596,0.632515220594795
6.17225121089984,2.4669279560098,0.399680419950073
5.69654784204436,3.974495040238,0.697702389314376
5.57762199983049,3.65470808297747,0.655244848626985
5.73618978944899,3.974495040238,0.692880672733074
5.97404147387673,3.974495040238,0.66529418277688
5.73618978944899,3.74607578505191,0.653059944415081
5.77583173685361,3.83744348712635,0.664396689855235
5.69654784204436,3.38060497675417,0.593448009301883
5.69654784204436,4.33996584853575,0.761858930860525
5.65690589463974,3.974495040238,0.702591684264021
5.97404147387673,4.33996584853575,0.726470659354064
5.85511563166286,3.74607578505191,0.639795355158174
5.69654784204436,2.83239876430754,0.497213196982659
6.13260926349522,3.974495040238,0.648092006105209
5.69654784204436,3.4719726788286,0.60948714468842
5.69654784204436,3.38060497675417,0.593448009301883
5.57762199983049,4.02017889127522,0.720769333489684
5.69654784204436,4.33996584853575,0.761858930860525
6.25153510570909,3.974495040238,0.635763052279491
5.9343995264721,1.87303789252596,0.31562382751123
5.73618978944899,3.33492112571694,0.581382633442694
5.97404147387673,3.01513416845642,0.504705931761771
5.77583173685361,3.974495040238,0.68812514306435
5.57762199983049,3.4719726788286,0.622482606195636
5.97404147387673,3.74607578505191,0.627058884916139
5.69654784204436,3.88312733816356,0.681663253927838
5.57762199983049,4.02017889127522,0.720769333489684
6.13260926349522,3.92881118920078,0.6406426727017
5.97404147387673,3.4719726788286,0.581176527483251
5.81547368425823,3.74607578505191,0.644156605022919
5.69654784204436,2.83239876430754,0.497213196982659
5.69654784204436,2.83239876430754,0.497213196982659
6.33081900051834,3.65470808297747,0.577288354425904
5.85511563166286,3.33492112571694,0.569573913738374
5.65690589463974,3.4719726788286,0.613758252920294
5.77583173685361,3.33492112571694,0.57739236142181
5.69654784204436,3.4719726788286,0.60948714468842
5.65690589463974,3.974495040238,0.702591684264021
5.85511563166286,4.33996584853575,0.741226326097884
6.29117705311371,3.01513416845642,0.479263918818519
6.33081900051834,3.4719726788286,0.548423936704608
5.69654784204436,3.60902423194026,0.633545847768226
5.77583173685361,3.88312733816356,0.672306174258273
5.81547368425823,3.4719726788286,0.597023194899291
5.69654784204436,3.88312733816356,0.681663253927838
5.85511563166286,4.02017889127522,0.68660964943804
6.33081900051834,3.15218572156807,0.497911205692342
5.85511563166286,3.42628882779138,0.585178678498329
5.33977031540275,2.83239876430754,0.530434568718694
5.81547368425823,3.65470808297747,0.628445468315043
5.18120252578426,2.78671491327033,0.537850991039674
5.37941226280738,2.4669279560098,0.458586893045147
5.97404147387673,3.83744348712635,0.642353004060436
4.9037088939519,3.38060497675417,0.689397566181735
6.29117705311371,3.65470808297747,0.580925962204265
4.50728941990567,2.87808261534476,0.638539562743454
5.53798005242587,2.83239876430754,0.511449795321461
4.86406694654728,2.87808261534476,0.591702919999435
5.69654784204436,3.4719726788286,0.60948714468842
5.18120252578426,2.4669279560098,0.476130385510531
4.74514110433341,3.51765652986582,0.741317582032153
6.25153510570909,3.88312733816356,0.621147809698353
4.74514110433341,1.64461863733986,0.346590038352695
6.33081900051834,3.70039193401469,0.584504458856227
4.74514110433341,2.60397950912146,0.548767560725101
5.81547368425823,2.4669279560098,0.424200691112655
5.22084447318888,2.9694503174192,0.568768200751528
4.66585720952416,2.9694503174192,0.636421172803536
5.77583173685361,3.42628882779138,0.593211330227888
4.86406694654728,2.74103106223311,0.563526590475653
5.69654784204436,2.83239876430754,0.497213196982659
4.50728941990567,2.19282484978649,0.486506333518823
5.85511563166286,2.83239876430754,0.483747707558619
5.14156057837964,2.92376646638198,0.568653509340428
5.65690589463974,3.33492112571694,0.589530953462914
5.14156057837964,2.78671491327033,0.541997876090096
5.18120252578426,3.15218572156807,0.608388825930122
5.69654784204436,3.38060497675417,0.593448009301883
5.419054210212,3.33492112571694,0.615406489094058
5.97404147387673,3.88312733816356,0.650000063632583
5.30012836799813,2.60397950912146,0.491304988921425
5.65690589463974,3.33492112571694,0.589530953462914
5.30012836799813,2.74103106223311,0.517163146233078
5.30012836799813,2.92376646638198,0.551640689315284
5.85511563166286,3.38060497675417,0.577376296118352
5.10191863097501,2.92376646638198,0.573071951526445
5.77583173685361,4.02017889127522,0.696034627467389
4.54693136731029,3.24355342364251,0.713349985214581
5.81547368425823,3.33492112571694,0.573456489837476
4.66585720952416,3.10650187053085,0.66579445770216
6.05332536868597,3.4719726788286,0.573564523194014
5.30012836799813,3.28923727467973,0.620595775479694
5.22084447318888,2.4669279560098,0.472515120624346
5.69654784204436,3.10650187053085,0.545330603142271
4.50728941990567,2.87808261534476,0.638539562743454
5.69654784204436,3.74607578505191,0.657604550848032
4.74514110433341,2.4669279560098,0.519885057529043
5.69654784204436,3.83744348712635,0.67364368623457
5.37941226280738,3.56334038090304,0.6624032899541
5.18120252578426,2.74103106223311,0.529033761678367
5.73618978944899,3.56334038090304,0.621203361760687
4.74514110433341,3.06081801949364,0.645042571378627
5.69654784204436,3.01513416845642,0.529291467755733
4.94335084135652,2.9694503174192,0.600695846343033
6.05332536868597,3.74607578505191,0.618845932919857
5.419054210212,3.15218572156807,0.581685585582055
5.77583173685361,4.33996584853575,0.751401018288658
5.30012836799813,3.56334038090304,0.672312090103002
5.10191863097501,3.56334038090304,0.698431440922855
5.85511563166286,3.33492112571694,0.569573913738374
4.74514110433341,3.28923727467973,0.69318007670539
6.33081900051834,3.74607578505191,0.591720563286551
5.18120252578426,1.87303789252596,0.361506403813551
5.81547368425823,3.74607578505191,0.644156605022919
5.22084447318888,2.87808261534476,0.551267640728403
4.86406694654728,2.55829565808423,0.525958151110609
5.57762199983049,3.88312733816356,0.696197651666171
5.06227668357039,3.56334038090304,0.703900755260544
6.01368342128135,1.87303789252596,0.311462669600733
5.22084447318888,3.01513416845642,0.577518480763089
5.9343995264721,3.42628882779138,0.577360660081518
4.98299278876115,3.06081801949364,0.614252949833108
6.25153510570909,3.74607578505191,0.599224945826647
4.62621526211954,2.55829565808423,0.552999701296244
5.06227668357039,3.28923727467973,0.649754543317425
5.85511563166286,4.56838510372184,0.780238237997773
5.33977031540275,3.06081801949364,0.573211550066976
5.57762199983049,2.83239876430754,0.507814757685914
4.54693136731029,2.83239876430754,0.622925339201465
6.33081900051834,3.51765652986582,0.555640041134933
5.37941226280738,2.87808261534476,0.535018041886004
5.30012836799813,2.51261180704702,0.474066217380322
6.05332536868597,2.87808261534476,0.475454802121354
4.98299278876115,3.28923727467973,0.660092722208712
5.77583173685361,2.4669279560098,0.42711215776408
4.86406694654728,3.56334038090304,0.732584567618349
6.01368342128135,3.74607578505191,0.622925339201465
4.70549915692878,2.9694503174192,0.631059579098367
5.77583173685361,3.83744348712635,0.664396689855235
5.06227668357039,2.37556025393536,0.469267170173696
4.54693136731029,3.01513416845642,0.66311407076285
5.81547368425823,2.83239876430754,0.487045237944159
4.50728941990567,2.83239876430754,0.628404014128479
6.96509015899231,4.11154659334966,0.59030773464453
5.69654784204436,3.51765652986582,0.617506712381689
4.58657331471491,2.4669279560098,0.537858611808353
5.77583173685361,3.74607578505191,0.648577721049157
4.54693136731029,2.92376646638198,0.643019704982158
6.76688042196919,3.60902423194026,0.533336486961301
4.50728941990567,3.51765652986582,0.780437243353111
5.57762199983049,3.83744348712635,0.688007091058335
4.94335084135652,3.33492112571694,0.674627642816021
5.97404147387673,4.33996584853575,0.726470659354064
4.98299278876115,3.28923727467973,0.660092722208712
6.52902873754145,4.11154659334966,0.629733266405853
6.33081900051834,3.83744348712635,0.606152772147199
4.74514110433341,3.01513416845642,0.635415070313274
5.37941226280738,2.87808261534476,0.535018041886004
5.9343995264721,3.38060497675417,0.569662517947098
5.14156057837964,3.28923727467973,0.639735198007981
6.64795457975532,3.42628882779138,0.515389927335738
5.69654784204436,4.02017889127522,0.705721957007644
5.18120252578426,2.83239876430754,0.54666822040098
6.05332536868597,2.83239876430754,0.46790790050038
4.50728941990567,2.92376646638198,0.64867511135843
6.64795457975532,4.20291429542409,0.632211644198505
5.33977031540275,3.56334038090304,0.667320909033196
5.85511563166286,3.33492112571694,0.569573913738374
4.94335084135652,3.56334038090304,0.720835015611639
6.01368342128135,3.88312733816356,0.645715290635665
5.22084447318888,2.37556025393536,0.455014560601222
6.64795457975532,4.11154659334966,0.618467912802886
5.37941226280738,3.10650187053085,0.577479791242036
5.57762199983049,1.78167019045152,0.319431863705655
4.86406694654728,3.28923727467973,0.676231908570784
6.01368342128135,3.4719726788286,0.577345436333065
2.60447594448375,1.78167019045152,0.684080109944987
5.30012836799813,3.42628882779138,0.646453932791348
6.52902873754145,3.60902423194026,0.552765867178471
5.81547368425823,3.33492112571694,0.573456489837476
4.58657331471491,3.06081801949364,0.667343092428882
3.27838905036235,1.55325093526543,0.473784810589748
5.18120252578426,2.92376646638198,0.564302679123592
6.33081900051834,3.33492112571694,0.526775623413637
5.30012836799813,2.4669279560098,0.465446831609771
3.43695683998084,1.78167019045152,0.518385965667655
6.96509015899231,3.42628882779138,0.491923112203775
5.85511563166286,3.65470808297747,0.624190590398218
4.94335084135652,2.55829565808423,0.51752257531092
4.50728941990567,3.10650187053085,0.689217305818331
3.47659878738546,1.64461863733986,0.473053906394727
5.69654784204436,3.74607578505191,0.657604550848032
4.74514110433341,3.56334038090304,0.750945083097506
6.76688042196919,3.42628882779138,0.506332107874653
6.33081900051834,3.01513416845642,0.476262892401371
4.82442499914265,3.28923727467973,0.681788456710231
3.23874710295772,1.09641242489324,0.338529804902633
5.06227668357039,3.01513416845642,0.595608331374306
5.69654784204436,3.74607578505191,0.657604550848032
2.56483399707913,1.64461863733986,0.641218355344939
4.62621526211954,3.19786957260529,0.691249626620306
6.05332536868597,3.70039193401469,0.611299031298884
4.54693136731029,3.24355342364251,0.713349985214581
6.84616431677844,4.06586274231244,0.593889155179625
2.60447594448375,1.37051553111655,0.526215469188452
4.62621526211954,2.64966336015867,0.572749690628254
5.57762199983049,3.88312733816356,0.696197651666171
4.34872163028717,2.92376646638198,0.672327804571135
5.30012836799813,3.06081801949364,0.577498846626938
2.88196957631611,1.18778012696768,0.41214179938914
5.97404147387673,2.83239876430754,0.474117693473179
5.10191863097501,1.91872174356318,0.37607846818923
3.59552462959933,2.05577329667483,0.571758924901015
5.419054210212,2.14714099874927,0.396220616266038
5.97404147387673,3.88312733816356,0.650000063632583
2.56483399707913,1.18778012696768,0.463102145526901
4.50728941990567,3.51765652986582,0.780437243353111
4.34872163028717,2.28419255186092,0.525256097321199
6.84616431677844,3.42628882779138,0.500468389196313
5.65690589463974,2.83239876430754,0.500697522119188
4.62621526211954,2.9694503174192,0.641874653290284
3.63516657700395,2.60397950912146,0.716330174686964
3.15946320814847,1.55325093526543,0.491618617763766
4.70549915692878,2.60397950912146,0.553390707824723
5.69654784204436,3.74607578505191,0.657604550848032
4.70549915692878,2.60397950912146,0.553390707824723
4.03158605105019,1.7359863394143,0.430596375082233
2.96125347112536,1.82735404148874,0.617088020092481
5.18120252578426,2.83239876430754,0.54666822040098
5.81547368425823,3.01513416845642,0.518467511359911
3.95230215624094,0.959360871781591,0.242734698374895
5.45869615761662,3.42628882779138,0.627675314554853
3.15946320814847,1.87303789252596,0.592834215538659
6.33081900051834,3.74607578505191,0.591720563286551
4.62621526211954,3.28923727467973,0.710999615952315
4.19015384066868,2.55829565808423,0.610549339084879
6.52902873754145,3.42628882779138,0.524777722004877
4.50728941990567,2.37556025393536,0.527048527978724
5.53798005242587,3.51765652986582,0.635187649028266
4.03158605105019,2.10145714771205,0.521248243520596
5.18120252578426,2.92376646638198,0.564302679123592
2.56483399707913,1.32483168007933,0.516537008472312
6.17225121089984,3.33492112571694,0.540308715858431
4.58657331471491,2.87808261534476,0.62750171377641
4.46764747250104,1.7359863394143,0.388568334923364
3.15946320814847,2.55829565808423,0.809724782199143
4.74514110433341,2.14714099874927,0.452492550071574
5.69654784204436,3.38060497675417,0.593448009301883
3.95230215624094,2.78671491327033,0.705086504803264
4.74514110433341,2.83239876430754,0.596905066051864
3.11982126074385,1.18778012696768,0.380720569448418
6.01368342128135,2.83239876430754,0.470992329640132
4.54693136731029,2.55829565808423,0.562642241859387
4.11086994585943,2.51261180704702,0.611211699746857
6.52902873754145,3.42628882779138,0.524777722004877
4.62621526211954,3.15218572156807,0.681374631954301
5.9343995264721,3.65470808297747,0.615851370753619
3.95230215624094,1.78167019045152,0.45079301126766
4.70549915692878,3.28923727467973,0.699019841462807
2.56483399707913,2.05577329667483,0.801522944181175
4.98299278876115,3.19786957260529,0.641756813258471
5.69654784204436,3.38060497675417,0.593448009301883
4.2297957880733,1.78167019045152,0.42121896179368
5.30012836799813,2.28419255186092,0.430969288527566
2.96125347112536,1.41619938215377,0.478243215571674
5.97404147387673,2.4669279560098,0.412941216895995
4.2297957880733,1.82735404148874,0.432019447993518
4.62621526211954,2.87808261534476,0.622124663958275
6.96509015899231,4.11154659334966,0.59030773464453
5.30012836799813,2.14714099874927,0.405111131215912
3.15946320814847,1.27914782904212,0.404862391099573
5.97404147387673,3.38060497675417,0.565882408338956
3.99194410364556,1.46188323319099,0.366208342410395
5.419054210212,2.87808261534476,0.53110423031405
5.53798005242587,3.4719726788286,0.626938458781145
5.45869615761662,3.28923727467973,0.602568301972659
3.51624073479008,2.2385087008237,0.636619864696875
3.1991051555531,1.50756708422821,0.47124649266728
4.70549915692878,3.28923727467973,0.699019841462807
6.33081900051834,3.65470808297747,0.577288354425904
4.11086994585943,2.19282484978649,0.533421119779075
4.86406694654728,2.19282484978649,0.450821272380523
2.96125347112536,1.32483168007933,0.44738881456705
4.19015384066868,2.19282484978649,0.523328004929897
4.9037088939519,2.74103106223311,0.558970999606812
5.53798005242587,3.65470808297747,0.659935219769627
6.52902873754145,3.42628882779138,0.524777722004877
5.37941226280738,3.19786957260529,0.594464490984449
2.60447594448375,1.2334639780049,0.473593922269606
4.46764747250104,1.37051553111655,0.306764474939497
5.65690589463974,3.4719726788286,0.613758252920294
4.74514110433341,2.92376646638198,0.616160068182569
4.74514110433341,3.33492112571694,0.702807577770742
3.99194410364556,1.59893478630265,0.400540374511369
5.81547368425823,3.4719726788286,0.597023194899291
3.47659878738546,1.14209627593046,0.328509657218561
4.94335084135652,3.51765652986582,0.711593541052516
4.26943773547793,2.19282484978649,0.513609750427949
6.25153510570909,3.74607578505191,0.599224945826647
4.94335084135652,2.55829565808423,0.51752257531092
2.72340178669762,2.10145714771205,0.771629495866734
5.18120252578426,3.28923727467973,0.634840514014041
3.99194410364556,2.32987640289814,0.583644545716566
5.65690589463974,2.83239876430754,0.500697522119188
4.98299278876115,3.19786957260529,0.641756813258471
6.76688042196919,4.11154659334966,0.607598529449584
3.47659878738546,1.09641242489324,0.315369270929819
3.79373436662245,1.55325093526543,0.409425327437536
5.10191863097501,3.19786957260529,0.626797446982049
5.57762199983049,3.74607578505191,0.67162596984266
4.62621526211954,2.87808261534476,0.622124663958275
3.75409241921782,2.4669279560098,0.657130320868283
5.69654784204436,3.15218572156807,0.553350170835539
3.47659878738546,2.14714099874927,0.617598155570894
5.33977031540275,3.10650187053085,0.581766946336632
3.55588268219471,1.96440559460039,0.552438246750017
5.18120252578426,2.83239876430754,0.54666822040098
5.57762199983049,2.83239876430754,0.507814757685914
2.60447594448375,1.91872174356318,0.736701656863833
5.33977031540275,3.01513416845642,0.564656153797319
3.79373436662245,1.91872174356318,0.505760698599309
5.69654784204436,2.4669279560098,0.433056655436509
5.30012836799813,2.2385087008237,0.422349902757014
6.84616431677844,3.42628882779138,0.500468389196313
2.80268568150687,1.50756708422821,0.537900876354307
4.34872163028717,2.60397950912146,0.598791950946168
4.98299278876115,2.37556025393536,0.476733632706292
6.13260926349522,4.02017889127522,0.655541339508717
4.94335084135652,3.74607578505191,0.757800913848133
4.2297957880733,1.87303789252596,0.442819934193357
5.77583173685361,3.33492112571694,0.57739236142181
4.74514110433341,2.9694503174192,0.625787569247921
2.88196957631611,1.41619938215377,0.491399837733206
3.63516657700395,2.42124410497258,0.666061390498404
4.74514110433341,2.78671491327033,0.587277564986511
5.69654784204436,3.38060497675417,0.593448009301883
2.80268568150687,1.64461863733986,0.586800956022879
5.30012836799813,3.28923727467973,0.620595775479694
3.51624073479008,2.60397950912146,0.740557801790243
5.57762199983049,3.38060497675417,0.606101484979962
4.94335084135652,3.06081801949364,0.61917879546128
7.16329989601542,4.06586274231244,0.567596331486006
4.3883635776918,2.14714099874927,0.489280562272515
4.9037088939519,2.78671491327033,0.568287182933592
2.88196957631611,1.7359863394143,0.602361091414898
5.81547368425823,3.92881118920078,0.675578878438671
5.18120252578426,2.9694503174192,0.573119908484898
4.07122799845481,1.82735404148874,0.44884591140125
